collid,duration,first_timepoint,last_timepoint,total_size,min_size,max_size,first_frame_centroid_x,last_frame_centroid_x,first_frame_centroid_y,last_frame_centroid_y,centroid_speed,direction,first_frame_spatial_extent,first_frame_convex_hull_area,last_frame_spatial_extent,last_frame_convex_hull_area,size_variability
1,78,45,122,94,5,54,173.38919101711568,204.25990487964478,149.67295093922945,268.13229755140827,1.5898150372345352,1.3158646968840821,61.29506078861061,1309.84540275196,82.60985702036622,1842.6953752948339,16.93204474344841
2,38,162,199,40,6,32,100.3829904768267,90.4596342244427,261.59896758830155,237.55603067857314,0.7029811374344869,-1.962232528347878,67.24052912514533,1817.6535071388291,193.2866555369394,16971.652144268955,7.3984351119181415
3,28,172,199,33,5,21,154.66564985696982,135.3979653221968,70.2723706522919,136.0125844608168,2.5372450249760212,1.8559000704289323,48.43985830273879,940.5971509146805,189.55516191947592,14807.923215377601,3.7365278282973096
